drug_name,evidence_level,indication_count,parent_category,url
Acebutolol,L4,2,中證據等級 (L3-L4),/drugs/acebutolol/
Acetazolamide,L2,10,高證據等級 (L1-L2),/drugs/acetazolamide/
Acitretin,L3,4,中證據等級 (L3-L4),/drugs/acitretin/
Acyclovir,L4,10,中證據等級 (L3-L4),/drugs/acyclovir/
Alfacalcidol,L3,5,中證據等級 (L3-L4),/drugs/alfacalcidol/
Alirocumab,L3,10,中證據等級 (L3-L4),/drugs/alirocumab/
Allopurinol,L3,10,中證據等級 (L3-L4),/drugs/allopurinol/
Alpelisib,L4,10,中證據等級 (L3-L4),/drugs/alpelisib/
Alpha-Tocopherol Acetate,L2,10,高證據等級 (L1-L2),/drugs/alpha-tocopherol_acetate/
Alpha-Tocopherol Succinate,L5,10,僅模型預測 (L5),/drugs/alpha-tocopherol_succinate/
Alprostadil,L1,10,高證據等級 (L1-L2),/drugs/alprostadil/
Aluminum Chloride,L3,10,中證據等級 (L3-L4),/drugs/aluminum_chloride/
Aluminum Hydroxide,L3,4,中證據等級 (L3-L4),/drugs/aluminum_hydroxide/
Aluminum Oxide,L4,10,中證據等級 (L3-L4),/drugs/aluminum_oxide/
Amcinonide,L3,8,中證據等級 (L3-L4),/drugs/amcinonide/
Amorolfine,L5,10,僅模型預測 (L5),/drugs/amorolfine/
Amylmetacresol,L5,10,僅模型預測 (L5),/drugs/amylmetacresol/
Anastrozole,L1,6,高證據等級 (L1-L2),/drugs/anastrozole/
Anthralin,L3,10,中證據等級 (L3-L4),/drugs/anthralin/
Ascorbyl Phosphate,L5,10,僅模型預測 (L5),/drugs/ascorbyl_phosphate/
Asfotase Alfa,L5,10,僅模型預測 (L5),/drugs/asfotase_alfa/
Aspirin,L5,0,僅模型預測 (L5),/drugs/aspirin/
Atezolizumab,L2,10,高證據等級 (L1-L2),/drugs/atezolizumab/
Atracurium Besylate,L5,10,僅模型預測 (L5),/drugs/atracurium_besylate/
Avelumab,L5,10,僅模型預測 (L5),/drugs/avelumab/
Axitinib,L3,10,中證據等級 (L3-L4),/drugs/axitinib/
Belimumab,L3,6,中證據等級 (L3-L4),/drugs/belimumab/
Bempedoic Acid,L3,10,中證據等級 (L3-L4),/drugs/bempedoic_acid/
Benazepril,L5,5,僅模型預測 (L5),/drugs/benazepril/
Benzylpenicillin,L3,7,中證據等級 (L3-L4),/drugs/benzylpenicillin/
Berberine,L5,10,僅模型預測 (L5),/drugs/berberine/
Betamethasone,L1,10,高證據等級 (L1-L2),/drugs/betamethasone/
Bevacizumab,L5,10,僅模型預測 (L5),/drugs/bevacizumab/
Brivaracetam,L3,10,中證據等級 (L3-L4),/drugs/brivaracetam/
Brodalumab,L4,10,中證據等級 (L3-L4),/drugs/brodalumab/
Buprenorphine,L4,6,中證據等級 (L3-L4),/drugs/buprenorphine/
Busulfan,L1,10,高證據等級 (L1-L2),/drugs/busulfan/
Butenafine,L3,5,中證據等級 (L3-L4),/drugs/butenafine/
Cabazitaxel,L2,10,高證據等級 (L1-L2),/drugs/cabazitaxel/
Camphor,L4,10,中證據等級 (L3-L4),/drugs/camphor/
Caplacizumab,L5,10,僅模型預測 (L5),/drugs/caplacizumab/
Carbenoxolone,L5,7,僅模型預測 (L5),/drugs/carbenoxolone/
Carboplatin,L2,10,高證據等級 (L1-L2),/drugs/carboplatin/
Carisoprodol,L5,1,僅模型預測 (L5),/drugs/carisoprodol/
Caspofungin,L5,1,僅模型預測 (L5),/drugs/caspofungin/
Cefmetazole,L5,9,僅模型預測 (L5),/drugs/cefmetazole/
Cefoperazone,L2,10,高證據等級 (L1-L2),/drugs/cefoperazone/
Cephalexin,L5,0,僅模型預測 (L5),/drugs/cephalexin/
Cerliponase Alfa,L5,10,僅模型預測 (L5),/drugs/cerliponase_alfa/
Chloral Hydrate,L5,0,僅模型預測 (L5),/drugs/chloral_hydrate/
Chlorobutanol,L5,10,僅模型預測 (L5),/drugs/chlorobutanol/
Cholic Acid,L4,10,中證據等級 (L3-L4),/drugs/cholic_acid/
Choline Salicylate,L5,10,僅模型預測 (L5),/drugs/choline_salicylate/
Cisatracurium,L4,10,中證據等級 (L3-L4),/drugs/cisatracurium/
Cladribine,L5,7,僅模型預測 (L5),/drugs/cladribine/
Clobetasone,L5,10,僅模型預測 (L5),/drugs/clobetasone/
Clomipramine,L1,10,高證據等級 (L1-L2),/drugs/clomipramine/
Cobicistat,L5,3,僅模型預測 (L5),/drugs/cobicistat/
Conjugated Estrogens,L3,10,中證據等級 (L3-L4),/drugs/conjugated_estrogens/
Cortisone Acetate,L3,10,中證據等級 (L3-L4),/drugs/cortisone_acetate/
Cromoglicic Acid,L5,10,僅模型預測 (L5),/drugs/cromoglicic_acid/
Cyclandelate,L1,10,高證據等級 (L1-L2),/drugs/cyclandelate/
Cyclizine,L4,9,中證據等級 (L3-L4),/drugs/cyclizine/
Cytarabine,L3,9,中證據等級 (L3-L4),/drugs/cytarabine/
Daptomycin,L4,10,中證據等級 (L3-L4),/drugs/daptomycin/
Dehydrocholic Acid,L5,10,僅模型預測 (L5),/drugs/dehydrocholic_acid/
Denosumab,L5,2,僅模型預測 (L5),/drugs/denosumab/
Deoxycholic Acid,L5,3,僅模型預測 (L5),/drugs/deoxycholic_acid/
Desogestrel,L3,10,中證據等級 (L3-L4),/drugs/desogestrel/
Dexamethasone,L2,10,高證據等級 (L1-L2),/drugs/dexamethasone/
Diosmin,L5,1,僅模型預測 (L5),/drugs/diosmin/
Dipyridamole,L5,10,僅模型預測 (L5),/drugs/dipyridamole/
Disopyramide,L5,10,僅模型預測 (L5),/drugs/disopyramide/
Dl-Alpha-Tocopherol,L4,10,中證據等級 (L3-L4),/drugs/dl-alpha-tocopherol/
Docetaxel,L1,10,高證據等級 (L1-L2),/drugs/docetaxel/
Dorzolamide,L3,10,中證據等級 (L3-L4),/drugs/dorzolamide/
Doxorubicin,L1,10,高證據等級 (L1-L2),/drugs/doxorubicin/
Dronedarone,L2,10,高證據等級 (L1-L2),/drugs/dronedarone/
Dupilumab,L3,10,中證據等級 (L3-L4),/drugs/dupilumab/
Durvalumab,L3,10,中證據等級 (L3-L4),/drugs/durvalumab/
Emedastine,L2,2,高證據等級 (L1-L2),/drugs/emedastine/
Enfortumab Vedotin,L3,10,中證據等級 (L3-L4),/drugs/enfortumab_vedotin/
Erdafitinib,L5,10,僅模型預測 (L5),/drugs/erdafitinib/
Ergometrine,L3,10,中證據等級 (L3-L4),/drugs/ergometrine/
Etanercept,L5,6,僅模型預測 (L5),/drugs/etanercept/
Ethynodiol Diacetate,L3,6,中證據等級 (L3-L4),/drugs/ethynodiol_diacetate/
Everolimus,L2,10,高證據等級 (L1-L2),/drugs/everolimus/
Famotidine,L2,10,高證據等級 (L1-L2),/drugs/famotidine/
Felodipine,L4,7,中證據等級 (L3-L4),/drugs/felodipine/
Fenoprofen,L2,10,高證據等級 (L1-L2),/drugs/fenoprofen/
Fenoterol,L5,8,僅模型預測 (L5),/drugs/fenoterol/
Ferrous Gluconate,L5,5,僅模型預測 (L5),/drugs/ferrous_gluconate/
Fidaxomicin,L5,10,僅模型預測 (L5),/drugs/fidaxomicin/
Flucloxacillin,L4,10,中證據等級 (L3-L4),/drugs/flucloxacillin/
Fludarabine,L3,10,中證據等級 (L3-L4),/drugs/fludarabine/
Flunitrazepam,L5,10,僅模型預測 (L5),/drugs/flunitrazepam/
Fluorescein,L5,10,僅模型預測 (L5),/drugs/fluorescein/
Fluorouracil,L5,10,僅模型預測 (L5),/drugs/fluorouracil/
Fluticasone,L4,10,中證據等級 (L3-L4),/drugs/fluticasone/
Fosfomycin,L5,10,僅模型預測 (L5),/drugs/fosfomycin/
Fulvestrant,L5,10,僅模型預測 (L5),/drugs/fulvestrant/
Gefitinib,L5,10,僅模型預測 (L5),/drugs/gefitinib/
Gemcitabine,L2,10,高證據等級 (L1-L2),/drugs/gemcitabine/
Gemfibrozil,L4,10,中證據等級 (L3-L4),/drugs/gemfibrozil/
Glatiramer,L5,10,僅模型預測 (L5),/drugs/glatiramer/
Glycerin,L4,10,中證據等級 (L3-L4),/drugs/glycerin/
Glycol Salicylate,L5,10,僅模型預測 (L5),/drugs/glycol_salicylate/
Griseofulvin,L5,5,僅模型預測 (L5),/drugs/griseofulvin/
Guselkumab,L5,10,僅模型預測 (L5),/drugs/guselkumab/
Hesperidin,L4,10,中證據等級 (L3-L4),/drugs/hesperidin/
Hexachlorophene,L3,10,中證據等級 (L3-L4),/drugs/hexachlorophene/
Homatropine Methylbromide,L5,2,僅模型預測 (L5),/drugs/homatropine_methylbromide/
Human Immunoglobulin G,L3,3,中證據等級 (L3-L4),/drugs/human_immunoglobulin_g/
Hyaluronic Acid,L1,10,高證據等級 (L1-L2),/drugs/hyaluronic_acid/
Hydrocortisone,L1,10,高證據等級 (L1-L2),/drugs/hydrocortisone/
Hydroquinone,L4,4,中證據等級 (L3-L4),/drugs/hydroquinone/
Hydroxyprogesterone Caproate,L2,10,高證據等級 (L1-L2),/drugs/hydroxyprogesterone_caproate/
Hydroxyurea,L2,10,高證據等級 (L1-L2),/drugs/hydroxyurea/
Hymecromone,L5,10,僅模型預測 (L5),/drugs/hymecromone/
Ibuprofen,L5,7,僅模型預測 (L5),/drugs/ibuprofen/
Icatibant,L1,7,高證據等級 (L1-L2),/drugs/icatibant/
Imatinib,L4,10,中證據等級 (L3-L4),/drugs/imatinib/
Inclisiran,L5,10,僅模型預測 (L5),/drugs/inclisiran/
Indacaterol,L1,10,高證據等級 (L1-L2),/drugs/indacaterol/
Inositol,L3,10,中證據等級 (L3-L4),/drugs/inositol/
Insulin Lispro,L5,9,僅模型預測 (L5),/drugs/insulin_lispro/
Interferon Beta-1B,L3,2,中證據等級 (L3-L4),/drugs/interferon_beta-1b/
Iodixanol,L5,3,僅模型預測 (L5),/drugs/iodixanol/
Iohexol,L5,10,僅模型預測 (L5),/drugs/iohexol/
Iopromide,L5,10,僅模型預測 (L5),/drugs/iopromide/
Ioversol,L5,10,僅模型預測 (L5),/drugs/ioversol/
Ipilimumab,L5,2,僅模型預測 (L5),/drugs/ipilimumab/
Ipratropium,L1,10,高證據等級 (L1-L2),/drugs/ipratropium/
Irbesartan,L5,4,僅模型預測 (L5),/drugs/irbesartan/
Isoleucine,L5,1,僅模型預測 (L5),/drugs/isoleucine/
Isosorbide Dinitrate,L2,10,高證據等級 (L1-L2),/drugs/isosorbide_dinitrate/
Isosorbide Mononitrate,L5,10,僅模型預測 (L5),/drugs/isosorbide_mononitrate/
Ivermectin,L5,10,僅模型預測 (L5),/drugs/ivermectin/
Lacosamide,L3,10,中證據等級 (L3-L4),/drugs/lacosamide/
Lactic Acid,L5,10,僅模型預測 (L5),/drugs/lactic_acid/
Larotrectinib,L3,10,中證據等級 (L3-L4),/drugs/larotrectinib/
Leflunomide,L5,2,僅模型預測 (L5),/drugs/leflunomide/
Letrozole,L1,10,高證據等級 (L1-L2),/drugs/letrozole/
Levamisole,L5,3,僅模型預測 (L5),/drugs/levamisole/
Lidocaine,L5,10,僅模型預測 (L5),/drugs/lidocaine/
Lornoxicam,L2,10,高證據等級 (L1-L2),/drugs/lornoxicam/
Loteprednol Etabonate,L3,10,中證據等級 (L3-L4),/drugs/loteprednol_etabonate/
Lutetium Lu 177 Dotatate,L5,10,僅模型預測 (L5),/drugs/lutetium_lu_177_dotatate/
Magnesium Sulfate,L1,10,高證據等級 (L1-L2),/drugs/magnesium_sulfate/
Mannitol,L3,10,中證據等級 (L3-L4),/drugs/mannitol/
Maraviroc,L5,10,僅模型預測 (L5),/drugs/maraviroc/
Methionine,L5,10,僅模型預測 (L5),/drugs/methionine/
Methocarbamol,L5,10,僅模型預測 (L5),/drugs/methocarbamol/
Methylprednisolone,L3,10,中證據等級 (L3-L4),/drugs/methylprednisolone/
Methylprednisone,L3,10,中證據等級 (L3-L4),/drugs/methylprednisone/
Metoprolol,L2,10,高證據等級 (L1-L2),/drugs/metoprolol/
Mexiletine,L5,10,僅模型預測 (L5),/drugs/mexiletine/
Milrinone,L3,10,中證據等級 (L3-L4),/drugs/milrinone/
Minoxidil,L4,3,中證據等級 (L3-L4),/drugs/minoxidil/
Moclobemide,L2,2,高證據等級 (L1-L2),/drugs/moclobemide/
Mycophenolate Mofetil,L3,10,中證據等級 (L3-L4),/drugs/mycophenolate_mofetil/
Naftifine,L1,8,高證據等級 (L1-L2),/drugs/naftifine/
Naphazoline,L5,10,僅模型預測 (L5),/drugs/naphazoline/
Naproxen,L5,4,僅模型預測 (L5),/drugs/naproxen/
Nebivolol,L3,5,中證據等級 (L3-L4),/drugs/nebivolol/
Nefopam,L5,10,僅模型預測 (L5),/drugs/nefopam/
Nepafenac,L1,10,高證據等級 (L1-L2),/drugs/nepafenac/
Niraparib,L5,10,僅模型預測 (L5),/drugs/niraparib/
Nitrofurantoin,L5,10,僅模型預測 (L5),/drugs/nitrofurantoin/
Nitrous Oxide,L4,10,中證據等級 (L3-L4),/drugs/nitrous_oxide/
Nitroxoline,L5,10,僅模型預測 (L5),/drugs/nitroxoline/
Norethindrone Enanthate,L5,10,僅模型預測 (L5),/drugs/norethindrone_enanthate/
Nystatin,L4,10,中證據等級 (L3-L4),/drugs/nystatin/
Omalizumab,L2,10,高證據等級 (L1-L2),/drugs/omalizumab/
Oteracil,L2,10,高證據等級 (L1-L2),/drugs/oteracil/
Ouabain,L4,10,中證據等級 (L3-L4),/drugs/ouabain/
Oxybutynin,L5,3,僅模型預測 (L5),/drugs/oxybutynin/
Oxytetracycline,L2,10,高證據等級 (L1-L2),/drugs/oxytetracycline/
Paclitaxel,L1,10,高證據等級 (L1-L2),/drugs/paclitaxel/
Palbociclib,L5,10,僅模型預測 (L5),/drugs/palbociclib/
Pancrelipase,L5,10,僅模型預測 (L5),/drugs/pancrelipase/
Pemetrexed,L1,10,高證據等級 (L1-L2),/drugs/pemetrexed/
Pemigatinib,L5,10,僅模型預測 (L5),/drugs/pemigatinib/
Penciclovir,L5,10,僅模型預測 (L5),/drugs/penciclovir/
Pentosan Polysulfate,L5,3,僅模型預測 (L5),/drugs/pentosan_polysulfate/
Pentoxifylline,L5,0,僅模型預測 (L5),/drugs/pentoxifylline/
Peppermint Oil,L3,10,中證據等級 (L3-L4),/drugs/peppermint_oil/
Pexidartinib,L3,10,中證據等級 (L3-L4),/drugs/pexidartinib/
Pimozide,L3,10,中證據等級 (L3-L4),/drugs/pimozide/
Pipemidic Acid,L5,10,僅模型預測 (L5),/drugs/pipemidic_acid/
Pitavastatin,L3,10,中證據等級 (L3-L4),/drugs/pitavastatin/
Pitolisant,L3,3,中證據等級 (L3-L4),/drugs/pitolisant/
Polyethylene Glycol,L5,1,僅模型預測 (L5),/drugs/polyethylene_glycol/
Polyethylene Glycol 400,L5,2,僅模型預測 (L5),/drugs/polyethylene_glycol_400/
Polymyxin B,L3,3,中證據等級 (L3-L4),/drugs/polymyxin_b/
Polysorbate 80,L5,1,僅模型預測 (L5),/drugs/polysorbate_80/
Potassium Iodide,L3,2,中證據等級 (L3-L4),/drugs/potassium_iodide/
Povidone,L5,1,僅模型預測 (L5),/drugs/povidone/
Pralatrexate,L4,10,中證據等級 (L3-L4),/drugs/pralatrexate/
Prasugrel,L4,10,中證據等級 (L3-L4),/drugs/prasugrel/
Pravastatin,L2,9,高證據等級 (L1-L2),/drugs/pravastatin/
Prednisolone,L3,10,中證據等級 (L3-L4),/drugs/prednisolone/
Prednisolone Acetate,L4,10,中證據等級 (L3-L4),/drugs/prednisolone_acetate/
Prednisone,L2,10,高證據等級 (L1-L2),/drugs/prednisone/
Prilocaine,L3,10,中證據等級 (L3-L4),/drugs/prilocaine/
Probenecid,L4,3,中證據等級 (L3-L4),/drugs/probenecid/
Procaine,L4,10,中證據等級 (L3-L4),/drugs/procaine/
Propantheline,L3,2,中證據等級 (L3-L4),/drugs/propantheline/
Prucalopride,L5,10,僅模型預測 (L5),/drugs/prucalopride/
Raloxifene,L5,4,僅模型預測 (L5),/drugs/raloxifene/
Ramucirumab,L5,10,僅模型預測 (L5),/drugs/ramucirumab/
Ravulizumab,L5,10,僅模型預測 (L5),/drugs/ravulizumab/
Regorafenib,L2,8,高證據等級 (L1-L2),/drugs/regorafenib/
Remdesivir,L5,6,僅模型預測 (L5),/drugs/remdesivir/
Ribavirin,L3,10,中證據等級 (L3-L4),/drugs/ribavirin/
Rifampicin,L3,10,中證據等級 (L3-L4),/drugs/rifampicin/
Riluzole,L4,10,中證據等級 (L3-L4),/drugs/riluzole/
Ritonavir,L4,3,中證據等級 (L3-L4),/drugs/ritonavir/
Rocuronium,L5,10,僅模型預測 (L5),/drugs/rocuronium/
Ropinirole,L4,10,中證據等級 (L3-L4),/drugs/ropinirole/
Rotigotine,L4,10,中證據等級 (L3-L4),/drugs/rotigotine/
Sacituzumab Govitecan,L5,4,僅模型預測 (L5),/drugs/sacituzumab_govitecan/
Salicylamide,L4,10,中證據等級 (L3-L4),/drugs/salicylamide/
Salicylic Acid,L5,10,僅模型預測 (L5),/drugs/salicylic_acid/
Scopolamine,L5,6,僅模型預測 (L5),/drugs/scopolamine/
Silicon Dioxide,L4,4,中證據等級 (L3-L4),/drugs/silicon_dioxide/
Simoctocog Alfa,L5,10,僅模型預測 (L5),/drugs/simoctocog_alfa/
Sodium Acetate,L5,10,僅模型預測 (L5),/drugs/sodium_acetate/
Sodium Carbonate,L4,6,中證據等級 (L3-L4),/drugs/sodium_carbonate/
Sodium Citrate,L3,9,中證據等級 (L3-L4),/drugs/sodium_citrate/
Sotatercept,L5,10,僅模型預測 (L5),/drugs/sotatercept/
Sulfamerazine,L4,4,中證據等級 (L3-L4),/drugs/sulfamerazine/
Sulfamethazine,L4,6,中證據等級 (L3-L4),/drugs/sulfamethazine/
Tazarotene,L5,3,僅模型預測 (L5),/drugs/tazarotene/
Temozolomide,L1,2,高證據等級 (L1-L2),/drugs/temozolomide/
Tenofovir Alafenamide,L2,3,高證據等級 (L1-L2),/drugs/tenofovir_alafenamide/
Terbutaline,L1,3,高證據等級 (L1-L2),/drugs/terbutaline/
Teriparatide,L2,10,高證據等級 (L1-L2),/drugs/teriparatide/
Tetrabenazine,L5,10,僅模型預測 (L5),/drugs/tetrabenazine/
Tetryzoline,L4,2,中證據等級 (L3-L4),/drugs/tetryzoline/
Theophylline,L2,7,高證據等級 (L1-L2),/drugs/theophylline/
Thiamine,L2,4,高證據等級 (L1-L2),/drugs/thiamine/
Threonine,L5,1,僅模型預測 (L5),/drugs/threonine/
Thyrotropin Alfa,L5,10,僅模型預測 (L5),/drugs/thyrotropin_alfa/
Tiaprofenic Acid,L5,10,僅模型預測 (L5),/drugs/tiaprofenic_acid/
Timepidium,L5,1,僅模型預測 (L5),/drugs/timepidium/
Tinidazole,L5,10,僅模型預測 (L5),/drugs/tinidazole/
Tioconazole,L5,3,僅模型預測 (L5),/drugs/tioconazole/
Titanium Dioxide,L5,10,僅模型預測 (L5),/drugs/titanium_dioxide/
Tizanidine,L5,6,僅模型預測 (L5),/drugs/tizanidine/
Tofacitinib,L5,0,僅模型預測 (L5),/drugs/tofacitinib/
Tolmetin,L5,10,僅模型預測 (L5),/drugs/tolmetin/
Tolvaptan,L1,10,高證據等級 (L1-L2),/drugs/tolvaptan/
Trabectedin,L5,1,僅模型預測 (L5),/drugs/trabectedin/
Tranexamic Acid,L5,1,僅模型預測 (L5),/drugs/tranexamic_acid/
Trastuzumab Deruxtecan,L5,1,僅模型預測 (L5),/drugs/trastuzumab_deruxtecan/
Travoprost,L5,3,僅模型預測 (L5),/drugs/travoprost/
Treprostinil,L2,10,高證據等級 (L1-L2),/drugs/treprostinil/
Triamcinolone,L4,10,中證據等級 (L3-L4),/drugs/triamcinolone/
Trifluoperazine,L3,1,中證據等級 (L3-L4),/drugs/trifluoperazine/
Trihexyphenidyl,L5,10,僅模型預測 (L5),/drugs/trihexyphenidyl/
Tyrosine,L5,10,僅模型預測 (L5),/drugs/tyrosine/
Uracil,L1,10,高證據等級 (L1-L2),/drugs/uracil/
Urea,L5,0,僅模型預測 (L5),/drugs/urea/
Urofollitropin,L5,10,僅模型預測 (L5),/drugs/urofollitropin/
Verteporfin,L5,1,僅模型預測 (L5),/drugs/verteporfin/
Vigabatrin,L5,0,僅模型預測 (L5),/drugs/vigabatrin/
Vinorelbine,L3,10,中證據等級 (L3-L4),/drugs/vinorelbine/
Vismodegib,L4,10,中證據等級 (L3-L4),/drugs/vismodegib/
Vitamin E,L3,10,中證據等級 (L3-L4),/drugs/vitamin_e/
Vonoprazan,L2,10,高證據等級 (L1-L2),/drugs/vonoprazan/
Voriconazole,L5,0,僅模型預測 (L5),/drugs/voriconazole/
Warfarin,L5,3,僅模型預測 (L5),/drugs/warfarin/
Warfarin Af,L1,0,高證據等級 (L1-L2),/drugs/warfarin_af/
Warfarin Atrial Fibrillation,L1,0,高證據等級 (L1-L2),/drugs/warfarin_atrial_fibrillation/
Xylitol,L5,1,僅模型預測 (L5),/drugs/xylitol/
Xylometazoline,L3,2,中證據等級 (L3-L4),/drugs/xylometazoline/
Zanubrutinib,L2,6,高證據等級 (L1-L2),/drugs/zanubrutinib/
Zonisamide,L5,10,僅模型預測 (L5),/drugs/zonisamide/
